training_sequences	train_in_context_acc	icl_in_context_acc	ciwl_in_context_acc	flip_in_context_acc	pure_iwl_acc
0.000000000000000000e+00	5.221999999999999975e-01	4.989999999999999991e-01	5.066000000000000503e-01	4.941999999999999726e-01	5.999999999999999474e-04
1.000000000000000000e+05	5.141999999999999904e-01	5.050000000000000044e-01	5.143999999999999684e-01	5.016000000000000458e-01	2.000000000000000096e-04
2.000000000000000000e+05	5.241999999999999993e-01	5.071999999999999842e-01	5.185999999999999499e-01	4.945999999999999841e-01	5.999999999999999474e-04
3.000000000000000000e+05	5.323999999999999844e-01	5.018000000000000238e-01	5.218000000000000416e-01	4.835999999999999743e-01	0.000000000000000000e+00
4.000000000000000000e+05	5.430000000000000382e-01	5.013999999999999568e-01	5.298000000000000487e-01	4.627999999999999892e-01	0.000000000000000000e+00
5.000000000000000000e+05	5.527999999999999581e-01	5.071999999999999842e-01	5.293999999999999817e-01	4.557999999999999829e-01	4.000000000000000192e-04
6.000000000000000000e+05	5.502000000000000224e-01	5.030000000000000027e-01	5.320000000000000284e-01	4.454000000000000181e-01	0.000000000000000000e+00
7.000000000000000000e+05	5.485999999999999766e-01	5.043999999999999595e-01	5.303999999999999826e-01	4.445999999999999952e-01	0.000000000000000000e+00
8.000000000000000000e+05	5.460000000000000409e-01	5.031999999999999806e-01	5.285999999999999588e-01	4.475999999999999979e-01	4.000000000000000192e-04
9.000000000000000000e+05	5.505999999999999783e-01	5.050000000000000044e-01	5.330000000000000293e-01	4.487999999999999767e-01	2.000000000000000096e-04
1.000000000000000000e+06	5.495999999999999774e-01	5.016000000000000458e-01	5.365999999999999659e-01	4.521999999999999909e-01	2.000000000000000096e-04
1.100000000000000000e+06	5.525999999999999801e-01	5.040000000000000036e-01	5.395999999999999686e-01	4.561999999999999944e-01	2.000000000000000096e-04
1.200000000000000000e+06	5.504000000000000004e-01	5.041999999999999815e-01	5.368000000000000549e-01	4.546000000000000041e-01	2.000000000000000096e-04
1.300000000000000000e+06	5.505999999999999783e-01	5.038000000000000256e-01	5.330000000000000293e-01	4.560000000000000164e-01	2.000000000000000096e-04
1.400000000000000000e+06	5.452000000000000179e-01	5.066000000000000503e-01	5.340000000000000302e-01	4.540000000000000147e-01	0.000000000000000000e+00
1.500000000000000000e+06	5.492000000000000215e-01	5.046000000000000485e-01	5.300000000000000266e-01	4.541999999999999926e-01	0.000000000000000000e+00
1.600000000000000000e+06	5.437999999999999501e-01	5.050000000000000044e-01	5.303999999999999826e-01	4.537999999999999812e-01	4.000000000000000192e-04
1.700000000000000000e+06	5.495999999999999774e-01	5.050000000000000044e-01	5.318000000000000504e-01	4.520000000000000129e-01	2.000000000000000096e-04
1.800000000000000000e+06	5.442000000000000171e-01	5.036000000000000476e-01	5.330000000000000293e-01	4.521999999999999909e-01	2.000000000000000096e-04
1.900000000000000000e+06	5.534000000000000030e-01	5.061999999999999833e-01	5.350000000000000311e-01	4.514000000000000234e-01	2.000000000000000096e-04
2.000000000000000000e+06	5.472000000000000197e-01	5.048000000000000265e-01	5.330000000000000293e-01	4.534000000000000252e-01	2.000000000000000096e-04
2.100000000000000000e+06	5.544000000000000039e-01	5.043999999999999595e-01	5.377999999999999448e-01	4.623999999999999777e-01	0.000000000000000000e+00
2.200000000000000000e+06	5.524000000000000021e-01	5.041999999999999815e-01	5.417999999999999483e-01	4.617999999999999883e-01	0.000000000000000000e+00
2.300000000000000000e+06	5.537999999999999590e-01	5.056000000000000494e-01	5.397999999999999465e-01	4.657999999999999918e-01	0.000000000000000000e+00
2.400000000000000000e+06	5.550000000000000488e-01	5.103999999999999648e-01	5.377999999999999448e-01	4.642000000000000015e-01	0.000000000000000000e+00
2.500000000000000000e+06	5.565999999999999837e-01	5.106000000000000538e-01	5.377999999999999448e-01	4.660000000000000253e-01	0.000000000000000000e+00
2.600000000000000000e+06	5.537999999999999590e-01	5.073999999999999622e-01	5.435999999999999721e-01	4.657999999999999918e-01	0.000000000000000000e+00
2.700000000000000000e+06	5.557999999999999607e-01	5.148000000000000353e-01	5.482000000000000206e-01	4.626000000000000112e-01	0.000000000000000000e+00
2.800000000000000000e+06	5.617999999999999661e-01	5.203999999999999737e-01	5.504000000000000004e-01	4.686000000000000165e-01	0.000000000000000000e+00
2.900000000000000000e+06	5.675999999999999934e-01	5.303999999999999826e-01	5.514000000000000012e-01	4.707999999999999963e-01	0.000000000000000000e+00
3.000000000000000000e+06	5.807999999999999829e-01	5.510000000000000453e-01	5.515999999999999792e-01	4.819999999999999840e-01	0.000000000000000000e+00
3.100000000000000000e+06	6.086000000000000298e-01	5.742000000000000437e-01	5.554000000000000048e-01	5.050000000000000044e-01	0.000000000000000000e+00
3.200000000000000000e+06	6.341999999999999860e-01	5.954000000000000403e-01	5.497999999999999554e-01	5.352000000000000091e-01	2.000000000000000096e-04
3.300000000000000000e+06	6.687999999999999501e-01	6.271999999999999797e-01	5.492000000000000215e-01	5.654000000000000137e-01	2.000000000000000096e-04
3.400000000000000000e+06	6.992000000000000437e-01	6.667999999999999483e-01	5.552000000000000268e-01	6.041999999999999593e-01	2.000000000000000096e-04
3.500000000000000000e+06	7.358000000000000096e-01	7.076000000000000068e-01	5.627999999999999670e-01	6.383999999999999675e-01	2.000000000000000096e-04
3.600000000000000000e+06	7.558000000000000274e-01	7.169999999999999707e-01	5.604000000000000092e-01	6.627999999999999448e-01	2.000000000000000096e-04
3.700000000000000000e+06	7.675999999999999490e-01	7.346000000000000307e-01	5.659999999999999476e-01	6.733999999999999986e-01	0.000000000000000000e+00
3.800000000000000000e+06	7.842000000000000082e-01	7.393999999999999462e-01	5.614000000000000101e-01	6.812000000000000277e-01	0.000000000000000000e+00
3.900000000000000000e+06	7.923999999999999932e-01	7.501999999999999780e-01	5.647999999999999687e-01	6.850000000000000533e-01	0.000000000000000000e+00
4.000000000000000000e+06	7.993999999999999995e-01	7.543999999999999595e-01	5.679999999999999494e-01	6.805999999999999828e-01	0.000000000000000000e+00
4.100000000000000000e+06	8.102000000000000313e-01	7.591999999999999860e-01	5.694000000000000172e-01	6.867999999999999661e-01	0.000000000000000000e+00
4.200000000000000000e+06	8.165999999999999925e-01	7.550000000000000044e-01	5.786000000000000032e-01	6.800000000000000488e-01	0.000000000000000000e+00
4.300000000000000000e+06	8.227999999999999758e-01	7.571999999999999842e-01	5.857999999999999874e-01	6.690000000000000391e-01	0.000000000000000000e+00
4.400000000000000000e+06	8.267999999999999794e-01	7.698000000000000398e-01	5.907999999999999918e-01	6.740000000000000435e-01	0.000000000000000000e+00
4.500000000000000000e+06	8.377999999999999892e-01	7.673999999999999710e-01	6.024000000000000465e-01	6.632000000000000117e-01	0.000000000000000000e+00
4.600000000000000000e+06	8.456000000000000183e-01	7.631999999999999895e-01	6.159999999999999920e-01	6.433999999999999719e-01	0.000000000000000000e+00
4.700000000000000000e+06	8.536000000000000254e-01	7.513999999999999568e-01	6.223999999999999533e-01	6.430000000000000160e-01	0.000000000000000000e+00
4.800000000000000000e+06	8.606000000000000316e-01	7.456000000000000405e-01	6.340000000000000080e-01	6.316000000000000503e-01	0.000000000000000000e+00
4.900000000000000000e+06	8.703999999999999515e-01	7.294000000000000483e-01	6.385999999999999455e-01	6.228000000000000203e-01	0.000000000000000000e+00
5.000000000000000000e+06	8.768000000000000238e-01	7.288000000000000034e-01	6.553999999999999826e-01	6.094000000000000528e-01	0.000000000000000000e+00
5.100000000000000000e+06	8.810000000000000053e-01	7.247999999999999998e-01	6.645999999999999686e-01	5.939999999999999725e-01	0.000000000000000000e+00
5.200000000000000000e+06	8.830000000000000071e-01	7.169999999999999707e-01	6.735999999999999766e-01	5.774000000000000243e-01	0.000000000000000000e+00
5.300000000000000000e+06	8.898000000000000353e-01	7.026000000000000023e-01	6.810000000000000497e-01	5.657999999999999696e-01	0.000000000000000000e+00
5.400000000000000000e+06	8.931999999999999940e-01	6.974000000000000199e-01	6.879999999999999449e-01	5.544000000000000039e-01	0.000000000000000000e+00
5.500000000000000000e+06	8.980000000000000204e-01	6.935999999999999943e-01	6.944000000000000172e-01	5.463999999999999968e-01	0.000000000000000000e+00
5.600000000000000000e+06	8.998000000000000442e-01	6.887999999999999678e-01	7.029999999999999583e-01	5.258000000000000451e-01	0.000000000000000000e+00
5.700000000000000000e+06	9.032000000000000028e-01	6.725999999999999757e-01	7.116000000000000103e-01	5.043999999999999595e-01	0.000000000000000000e+00
5.800000000000000000e+06	9.070000000000000284e-01	6.637999999999999456e-01	7.169999999999999707e-01	4.902000000000000246e-01	0.000000000000000000e+00
5.900000000000000000e+06	9.105999999999999650e-01	6.523999999999999799e-01	7.261999999999999567e-01	4.759999999999999787e-01	0.000000000000000000e+00
6.000000000000000000e+06	9.137999999999999456e-01	6.493999999999999773e-01	7.359999999999999876e-01	4.581999999999999962e-01	0.000000000000000000e+00
6.100000000000000000e+06	9.147999999999999465e-01	6.381999999999999895e-01	7.438000000000000167e-01	4.335999999999999854e-01	0.000000000000000000e+00
6.200000000000000000e+06	9.183999999999999941e-01	6.273999999999999577e-01	7.479999999999999982e-01	4.242000000000000215e-01	0.000000000000000000e+00
6.300000000000000000e+06	9.185999999999999721e-01	6.168000000000000149e-01	7.576000000000000512e-01	4.007999999999999896e-01	0.000000000000000000e+00
6.400000000000000000e+06	9.215999999999999748e-01	6.126000000000000334e-01	7.661999999999999922e-01	3.924000000000000266e-01	0.000000000000000000e+00
6.500000000000000000e+06	9.225999999999999757e-01	6.004000000000000448e-01	7.788000000000000478e-01	3.644000000000000017e-01	0.000000000000000000e+00
6.600000000000000000e+06	9.274000000000000021e-01	6.036000000000000254e-01	7.800000000000000266e-01	3.664000000000000035e-01	0.000000000000000000e+00
6.700000000000000000e+06	9.270000000000000462e-01	5.957999999999999963e-01	7.863999999999999879e-01	3.539999999999999813e-01	0.000000000000000000e+00
6.800000000000000000e+06	9.292000000000000259e-01	5.947999999999999954e-01	7.897999999999999465e-01	3.453999999999999848e-01	0.000000000000000000e+00
6.900000000000000000e+06	9.334000000000000075e-01	5.867999999999999883e-01	7.930000000000000382e-01	3.294000000000000261e-01	0.000000000000000000e+00
7.000000000000000000e+06	9.315999999999999837e-01	5.816000000000000059e-01	7.963999999999999968e-01	3.155999999999999917e-01	0.000000000000000000e+00
7.100000000000000000e+06	9.344000000000000083e-01	5.829999999999999627e-01	8.050000000000000488e-01	3.134000000000000119e-01	0.000000000000000000e+00
7.200000000000000000e+06	9.350000000000000533e-01	5.824000000000000288e-01	8.087999999999999634e-01	3.048000000000000154e-01	0.000000000000000000e+00
7.300000000000000000e+06	9.392000000000000348e-01	5.797999999999999821e-01	8.194000000000000172e-01	2.913999999999999924e-01	0.000000000000000000e+00
7.400000000000000000e+06	9.399999999999999467e-01	5.789999999999999591e-01	8.115999999999999881e-01	2.948000000000000065e-01	0.000000000000000000e+00
7.500000000000000000e+06	9.397999999999999687e-01	5.727999999999999758e-01	8.296000000000000041e-01	2.587999999999999745e-01	0.000000000000000000e+00
7.600000000000000000e+06	9.419999999999999485e-01	5.735999999999999988e-01	8.297999999999999821e-01	2.686000000000000054e-01	0.000000000000000000e+00
7.700000000000000000e+06	9.444000000000000172e-01	5.697999999999999732e-01	8.322000000000000508e-01	2.575999999999999956e-01	0.000000000000000000e+00
7.800000000000000000e+06	9.452000000000000401e-01	5.662000000000000366e-01	8.391999999999999460e-01	2.472000000000000031e-01	0.000000000000000000e+00
7.900000000000000000e+06	9.467999999999999750e-01	5.662000000000000366e-01	8.386000000000000121e-01	2.444000000000000061e-01	0.000000000000000000e+00
8.000000000000000000e+06	9.469999999999999529e-01	5.649999999999999467e-01	8.437999999999999945e-01	2.371999999999999942e-01	0.000000000000000000e+00
8.100000000000000000e+06	9.475999999999999979e-01	5.622000000000000330e-01	8.501999999999999558e-01	2.295999999999999985e-01	0.000000000000000000e+00
8.200000000000000000e+06	9.485999999999999988e-01	5.600000000000000533e-01	8.511999999999999567e-01	2.260000000000000064e-01	0.000000000000000000e+00
8.300000000000000000e+06	9.479999999999999538e-01	5.567999999999999616e-01	8.576000000000000290e-01	2.064000000000000001e-01	0.000000000000000000e+00
8.400000000000000000e+06	9.519999999999999574e-01	5.565999999999999837e-01	8.618000000000000105e-01	2.091999999999999971e-01	0.000000000000000000e+00
8.500000000000000000e+06	9.517999999999999794e-01	5.592000000000000304e-01	8.589999999999999858e-01	2.104000000000000037e-01	0.000000000000000000e+00
8.600000000000000000e+06	9.542000000000000481e-01	5.575999999999999845e-01	8.646000000000000352e-01	1.962000000000000133e-01	0.000000000000000000e+00
8.700000000000000000e+06	9.542000000000000481e-01	5.575999999999999845e-01	8.681999999999999718e-01	1.940000000000000058e-01	0.000000000000000000e+00
8.800000000000000000e+06	9.546000000000000041e-01	5.532000000000000250e-01	8.731999999999999762e-01	1.774000000000000021e-01	0.000000000000000000e+00
8.900000000000000000e+06	9.556000000000000050e-01	5.547999999999999599e-01	8.770000000000000018e-01	1.748000000000000109e-01	0.000000000000000000e+00
9.000000000000000000e+06	9.584000000000000297e-01	5.497999999999999554e-01	8.786000000000000476e-01	1.759999999999999898e-01	0.000000000000000000e+00
9.100000000000000000e+06	9.559999999999999609e-01	5.535999999999999810e-01	8.801999999999999824e-01	1.729999999999999871e-01	0.000000000000000000e+00
9.200000000000000000e+06	9.586000000000000076e-01	5.530000000000000471e-01	8.788000000000000256e-01	1.603999999999999870e-01	0.000000000000000000e+00
9.300000000000000000e+06	9.574000000000000288e-01	5.480000000000000426e-01	8.858000000000000318e-01	1.547999999999999932e-01	0.000000000000000000e+00
9.400000000000000000e+06	9.594000000000000306e-01	5.504000000000000004e-01	8.843999999999999639e-01	1.547999999999999932e-01	0.000000000000000000e+00
9.500000000000000000e+06	9.586000000000000076e-01	5.524000000000000021e-01	8.910000000000000142e-01	1.456000000000000072e-01	0.000000000000000000e+00
9.600000000000000000e+06	9.594000000000000306e-01	5.492000000000000215e-01	8.943999999999999728e-01	1.378000000000000058e-01	0.000000000000000000e+00
9.700000000000000000e+06	9.596000000000000085e-01	5.532000000000000250e-01	8.950000000000000178e-01	1.393999999999999961e-01	0.000000000000000000e+00
9.800000000000000000e+06	9.612000000000000544e-01	5.555999999999999828e-01	8.915999999999999481e-01	1.370000000000000107e-01	0.000000000000000000e+00
9.900000000000000000e+06	9.619999999999999662e-01	5.505999999999999783e-01	8.965999999999999526e-01	1.342000000000000137e-01	0.000000000000000000e+00
1.000000000000000000e+07	9.626000000000000112e-01	5.500000000000000444e-01	8.968000000000000416e-01	1.328000000000000014e-01	0.000000000000000000e+00
1.010000000000000000e+07	9.607999999999999874e-01	5.507999999999999563e-01	9.005999999999999561e-01	1.254000000000000115e-01	0.000000000000000000e+00
1.020000000000000000e+07	9.637999999999999901e-01	5.473999999999999977e-01	9.008000000000000451e-01	1.222000000000000031e-01	0.000000000000000000e+00
1.030000000000000000e+07	9.631999999999999451e-01	5.485999999999999766e-01	9.045999999999999597e-01	1.161999999999999977e-01	0.000000000000000000e+00
1.040000000000000000e+07	9.629999999999999671e-01	5.495999999999999774e-01	9.045999999999999597e-01	1.179999999999999938e-01	0.000000000000000000e+00
1.050000000000000000e+07	9.636000000000000121e-01	5.480000000000000426e-01	9.050000000000000266e-01	1.175999999999999962e-01	0.000000000000000000e+00
1.060000000000000000e+07	9.654000000000000359e-01	5.455999999999999739e-01	9.052000000000000046e-01	1.213999999999999940e-01	0.000000000000000000e+00
1.070000000000000000e+07	9.657999999999999918e-01	5.475999999999999757e-01	9.098000000000000531e-01	1.106000000000000039e-01	0.000000000000000000e+00
1.080000000000000000e+07	9.657999999999999918e-01	5.483999999999999986e-01	9.092000000000000082e-01	1.165999999999999953e-01	0.000000000000000000e+00
1.090000000000000000e+07	9.661999999999999478e-01	5.445999999999999730e-01	9.083999999999999853e-01	1.111999999999999933e-01	0.000000000000000000e+00
1.100000000000000000e+07	9.666000000000000147e-01	5.410000000000000364e-01	9.118000000000000549e-01	1.062000000000000027e-01	0.000000000000000000e+00
1.110000000000000000e+07	9.667999999999999927e-01	5.407999999999999474e-01	9.143999999999999906e-01	1.025999999999999968e-01	0.000000000000000000e+00
1.120000000000000000e+07	9.667999999999999927e-01	5.393999999999999906e-01	9.155999999999999694e-01	1.021999999999999992e-01	0.000000000000000000e+00
1.130000000000000000e+07	9.667999999999999927e-01	5.385999999999999677e-01	9.185999999999999721e-01	9.520000000000000684e-02	0.000000000000000000e+00
1.140000000000000000e+07	9.671999999999999487e-01	5.415999999999999703e-01	9.173999999999999932e-01	1.018000000000000016e-01	0.000000000000000000e+00
1.150000000000000000e+07	9.689999999999999725e-01	5.402000000000000135e-01	9.197999999999999510e-01	9.339999999999999691e-02	0.000000000000000000e+00
1.160000000000000000e+07	9.681999999999999496e-01	5.373999999999999888e-01	9.223999999999999977e-01	9.120000000000000329e-02	0.000000000000000000e+00
1.170000000000000000e+07	9.687999999999999945e-01	5.382000000000000117e-01	9.193999999999999950e-01	9.099999999999999756e-02	0.000000000000000000e+00
1.180000000000000000e+07	9.694000000000000394e-01	5.377999999999999448e-01	9.237999999999999545e-01	8.540000000000000369e-02	0.000000000000000000e+00
1.190000000000000000e+07	9.697999999999999954e-01	5.390000000000000346e-01	9.252000000000000224e-01	8.340000000000000191e-02	0.000000000000000000e+00
1.200000000000000000e+07	9.709999999999999742e-01	5.365999999999999659e-01	9.232000000000000206e-01	8.599999999999999312e-02	0.000000000000000000e+00
1.210000000000000000e+07	9.701999999999999513e-01	5.380000000000000338e-01	9.284000000000000030e-01	8.500000000000000611e-02	0.000000000000000000e+00
1.220000000000000000e+07	9.719999999999999751e-01	5.343999999999999861e-01	9.295999999999999819e-01	8.340000000000000191e-02	0.000000000000000000e+00
1.230000000000000000e+07	9.729999999999999760e-01	5.377999999999999448e-01	9.280000000000000471e-01	8.799999999999999489e-02	0.000000000000000000e+00
1.240000000000000000e+07	9.699999999999999734e-01	5.352000000000000091e-01	9.274000000000000021e-01	8.019999999999999352e-02	0.000000000000000000e+00
1.250000000000000000e+07	9.726000000000000201e-01	5.345999999999999641e-01	9.295999999999999819e-01	8.359999999999999376e-02	0.000000000000000000e+00
1.260000000000000000e+07	9.724000000000000421e-01	5.325999999999999623e-01	9.305999999999999828e-01	7.799999999999999989e-02	0.000000000000000000e+00
1.270000000000000000e+07	9.736000000000000210e-01	5.303999999999999826e-01	9.330000000000000515e-01	7.960000000000000409e-02	0.000000000000000000e+00
1.280000000000000000e+07	9.726000000000000201e-01	5.303999999999999826e-01	9.340000000000000524e-01	7.560000000000000053e-02	0.000000000000000000e+00
1.290000000000000000e+07	9.741999999999999549e-01	5.320000000000000284e-01	9.317999999999999616e-01	7.939999999999999836e-02	0.000000000000000000e+00
1.300000000000000000e+07	9.727999999999999980e-01	5.315999999999999615e-01	9.334000000000000075e-01	7.860000000000000320e-02	0.000000000000000000e+00
1.310000000000000000e+07	9.758000000000000007e-01	5.345999999999999641e-01	9.337999999999999634e-01	7.620000000000000384e-02	0.000000000000000000e+00
1.320000000000000000e+07	9.741999999999999549e-01	5.320000000000000284e-01	9.355999999999999872e-01	7.299999999999999545e-02	0.000000000000000000e+00
1.330000000000000000e+07	9.741999999999999549e-01	5.343999999999999861e-01	9.375999999999999890e-01	7.259999999999999787e-02	0.000000000000000000e+00
1.340000000000000000e+07	9.749999999999999778e-01	5.332000000000000073e-01	9.370000000000000551e-01	6.940000000000000335e-02	0.000000000000000000e+00
1.350000000000000000e+07	9.768000000000000016e-01	5.322000000000000064e-01	9.385999999999999899e-01	6.560000000000000553e-02	0.000000000000000000e+00
1.360000000000000000e+07	9.751999999999999558e-01	5.338000000000000522e-01	9.392000000000000348e-01	6.740000000000000158e-02	0.000000000000000000e+00
1.370000000000000000e+07	9.759999999999999787e-01	5.333999999999999853e-01	9.379999999999999449e-01	6.539999999999999980e-02	0.000000000000000000e+00
1.380000000000000000e+07	9.778000000000000025e-01	5.352000000000000091e-01	9.385999999999999899e-01	6.539999999999999980e-02	0.000000000000000000e+00
1.390000000000000000e+07	9.759999999999999787e-01	5.323999999999999844e-01	9.415999999999999925e-01	6.060000000000000109e-02	0.000000000000000000e+00
1.400000000000000000e+07	9.778000000000000025e-01	5.390000000000000346e-01	9.415999999999999925e-01	6.099999999999999867e-02	0.000000000000000000e+00
1.410000000000000000e+07	9.774000000000000465e-01	5.365999999999999659e-01	9.407999999999999696e-01	6.199999999999999956e-02	0.000000000000000000e+00
1.420000000000000000e+07	9.791999999999999593e-01	5.377999999999999448e-01	9.422000000000000375e-01	6.239999999999999714e-02	0.000000000000000000e+00
1.430000000000000000e+07	9.774000000000000465e-01	5.362000000000000099e-01	9.405999999999999917e-01	6.360000000000000375e-02	0.000000000000000000e+00
1.440000000000000000e+07	9.774000000000000465e-01	5.343999999999999861e-01	9.432000000000000384e-01	6.060000000000000109e-02	0.000000000000000000e+00
1.450000000000000000e+07	9.794000000000000483e-01	5.338000000000000522e-01	9.457999999999999741e-01	5.559999999999999665e-02	0.000000000000000000e+00
1.460000000000000000e+07	9.784000000000000474e-01	5.352000000000000091e-01	9.444000000000000172e-01	5.559999999999999665e-02	0.000000000000000000e+00
1.470000000000000000e+07	9.788000000000000034e-01	5.362000000000000099e-01	9.452000000000000401e-01	5.879999999999999810e-02	0.000000000000000000e+00
1.480000000000000000e+07	9.791999999999999593e-01	5.355999999999999650e-01	9.442000000000000393e-01	5.899999999999999689e-02	0.000000000000000000e+00
1.490000000000000000e+07	9.781999999999999584e-01	5.353999999999999870e-01	9.467999999999999750e-01	5.619999999999999996e-02	0.000000000000000000e+00
1.500000000000000000e+07	9.809999999999999831e-01	5.365999999999999659e-01	9.482000000000000428e-01	5.519999999999999907e-02	0.000000000000000000e+00
1.510000000000000000e+07	9.796000000000000263e-01	5.342000000000000082e-01	9.475999999999999979e-01	5.059999999999999915e-02	0.000000000000000000e+00
1.520000000000000000e+07	9.804000000000000492e-01	5.300000000000000266e-01	9.529999999999999583e-01	4.499999999999999833e-02	0.000000000000000000e+00
1.530000000000000000e+07	9.801999999999999602e-01	5.328000000000000513e-01	9.506000000000000005e-01	4.880000000000000310e-02	0.000000000000000000e+00
1.540000000000000000e+07	9.811999999999999611e-01	5.335999999999999632e-01	9.517999999999999794e-01	4.880000000000000310e-02	0.000000000000000000e+00
1.550000000000000000e+07	9.804000000000000492e-01	5.345999999999999641e-01	9.522000000000000464e-01	4.859999999999999737e-02	0.000000000000000000e+00
1.560000000000000000e+07	9.801999999999999602e-01	5.358000000000000540e-01	9.516000000000000014e-01	4.719999999999999890e-02	0.000000000000000000e+00
1.570000000000000000e+07	9.808000000000000052e-01	5.397999999999999465e-01	9.526000000000000023e-01	4.340000000000000108e-02	0.000000000000000000e+00
1.580000000000000000e+07	9.798000000000000043e-01	5.405999999999999694e-01	9.549999999999999600e-01	4.540000000000000285e-02	0.000000000000000000e+00
1.590000000000000000e+07	9.814000000000000501e-01	5.390000000000000346e-01	9.544000000000000261e-01	4.460000000000000075e-02	0.000000000000000000e+00
1.600000000000000000e+07	9.806000000000000272e-01	5.440000000000000391e-01	9.546000000000000041e-01	4.660000000000000253e-02	0.000000000000000000e+00
1.610000000000000000e+07	9.808000000000000052e-01	5.368000000000000549e-01	9.556000000000000050e-01	4.440000000000000197e-02	0.000000000000000000e+00
1.620000000000000000e+07	9.809999999999999831e-01	5.385999999999999677e-01	9.562000000000000499e-01	4.420000000000000318e-02	0.000000000000000000e+00
1.630000000000000000e+07	9.816000000000000281e-01	5.385999999999999677e-01	9.554000000000000270e-01	4.340000000000000108e-02	0.000000000000000000e+00
1.640000000000000000e+07	9.799999999999999822e-01	5.400000000000000355e-01	9.579999999999999627e-01	4.399999999999999745e-02	0.000000000000000000e+00
1.650000000000000000e+07	9.806000000000000272e-01	5.395999999999999686e-01	9.559999999999999609e-01	4.139999999999999930e-02	0.000000000000000000e+00
1.660000000000000000e+07	9.826000000000000290e-01	5.395999999999999686e-01	9.586000000000000076e-01	3.980000000000000204e-02	0.000000000000000000e+00
1.670000000000000000e+07	9.801999999999999602e-01	5.343999999999999861e-01	9.599999999999999645e-01	4.019999999999999962e-02	0.000000000000000000e+00
1.680000000000000000e+07	9.819999999999999840e-01	5.362000000000000099e-01	9.584000000000000297e-01	4.019999999999999962e-02	0.000000000000000000e+00
1.690000000000000000e+07	9.816000000000000281e-01	5.375999999999999668e-01	9.607999999999999874e-01	4.059999999999999720e-02	0.000000000000000000e+00
1.700000000000000000e+07	9.821999999999999620e-01	5.390000000000000346e-01	9.617999999999999883e-01	3.860000000000000236e-02	0.000000000000000000e+00
1.710000000000000000e+07	9.821999999999999620e-01	5.422000000000000153e-01	9.624000000000000332e-01	3.799999999999999906e-02	0.000000000000000000e+00
1.720000000000000000e+07	9.806000000000000272e-01	5.420000000000000373e-01	9.619999999999999662e-01	3.880000000000000115e-02	0.000000000000000000e+00
1.730000000000000000e+07	9.814000000000000501e-01	5.425999999999999712e-01	9.579999999999999627e-01	3.899999999999999994e-02	0.000000000000000000e+00
1.740000000000000000e+07	9.818000000000000060e-01	5.463999999999999968e-01	9.594000000000000306e-01	3.899999999999999994e-02	0.000000000000000000e+00
1.750000000000000000e+07	9.811999999999999611e-01	5.410000000000000364e-01	9.646000000000000130e-01	3.599999999999999728e-02	0.000000000000000000e+00
1.760000000000000000e+07	9.826000000000000290e-01	5.433999999999999941e-01	9.619999999999999662e-01	3.579999999999999849e-02	0.000000000000000000e+00
1.770000000000000000e+07	9.834000000000000519e-01	5.387999999999999456e-01	9.604000000000000314e-01	3.640000000000000180e-02	0.000000000000000000e+00
1.780000000000000000e+07	9.818000000000000060e-01	5.415999999999999703e-01	9.617999999999999883e-01	3.640000000000000180e-02	0.000000000000000000e+00
1.790000000000000000e+07	9.831999999999999629e-01	5.405999999999999694e-01	9.634000000000000341e-01	3.660000000000000059e-02	0.000000000000000000e+00
1.800000000000000000e+07	9.838000000000000078e-01	5.403999999999999915e-01	9.644000000000000350e-01	3.300000000000000155e-02	0.000000000000000000e+00
1.810000000000000000e+07	9.826000000000000290e-01	5.453999999999999959e-01	9.626000000000000112e-01	3.579999999999999849e-02	0.000000000000000000e+00
1.820000000000000000e+07	9.846000000000000307e-01	5.450000000000000400e-01	9.637999999999999901e-01	3.699999999999999817e-02	0.000000000000000000e+00
1.830000000000000000e+07	9.831999999999999629e-01	5.433999999999999941e-01	9.641999999999999460e-01	3.400000000000000244e-02	0.000000000000000000e+00
1.840000000000000000e+07	9.819999999999999840e-01	5.462000000000000188e-01	9.629999999999999671e-01	3.500000000000000333e-02	0.000000000000000000e+00
1.850000000000000000e+07	9.826000000000000290e-01	5.450000000000000400e-01	9.654000000000000359e-01	3.300000000000000155e-02	0.000000000000000000e+00
1.860000000000000000e+07	9.829999999999999849e-01	5.433999999999999941e-01	9.656000000000000139e-01	3.200000000000000067e-02	0.000000000000000000e+00
1.870000000000000000e+07	9.841999999999999638e-01	5.430000000000000382e-01	9.659999999999999698e-01	3.160000000000000309e-02	0.000000000000000000e+00
1.880000000000000000e+07	9.824000000000000510e-01	5.475999999999999757e-01	9.656000000000000139e-01	3.320000000000000034e-02	0.000000000000000000e+00
1.890000000000000000e+07	9.844000000000000528e-01	5.423999999999999932e-01	9.649999999999999689e-01	3.139999999999999736e-02	0.000000000000000000e+00
1.900000000000000000e+07	9.831999999999999629e-01	5.387999999999999456e-01	9.667999999999999927e-01	2.900000000000000147e-02	0.000000000000000000e+00
1.910000000000000000e+07	9.846000000000000307e-01	5.407999999999999474e-01	9.647999999999999909e-01	3.039999999999999994e-02	0.000000000000000000e+00
1.920000000000000000e+07	9.839999999999999858e-01	5.415999999999999703e-01	9.671999999999999487e-01	2.960000000000000131e-02	0.000000000000000000e+00
1.930000000000000000e+07	9.849999999999999867e-01	5.442000000000000171e-01	9.676000000000000156e-01	2.879999999999999921e-02	0.000000000000000000e+00
1.940000000000000000e+07	9.838000000000000078e-01	5.423999999999999932e-01	9.656000000000000139e-01	3.160000000000000309e-02	0.000000000000000000e+00
1.950000000000000000e+07	9.839999999999999858e-01	5.405999999999999694e-01	9.681999999999999496e-01	2.900000000000000147e-02	0.000000000000000000e+00
1.960000000000000000e+07	9.848000000000000087e-01	5.440000000000000391e-01	9.689999999999999725e-01	2.779999999999999832e-02	0.000000000000000000e+00
1.970000000000000000e+07	9.854000000000000536e-01	5.422000000000000153e-01	9.687999999999999945e-01	2.719999999999999848e-02	0.000000000000000000e+00
1.980000000000000000e+07	9.851999999999999647e-01	5.402000000000000135e-01	9.694000000000000394e-01	2.759999999999999953e-02	0.000000000000000000e+00
1.990000000000000000e+07	9.854000000000000536e-01	5.375999999999999668e-01	9.696000000000000174e-01	2.659999999999999865e-02	0.000000000000000000e+00
2.000000000000000000e+07	9.848000000000000087e-01	5.407999999999999474e-01	9.674000000000000377e-01	2.860000000000000042e-02	0.000000000000000000e+00
