first_half_sequences	evaluator	graft_accuracy	original_accuracy	delta	correct_count	context_loss	context_probability	loss
0	train_eval	0.572	0.5222	0.049799999999999955	2860	1.632144494458992	0.5664965310283142	13.642148383665084
0	icl	0.506	0.499	0.007000000000000006	2530	1.1364779459104757	0.5064441305764602	12.412981978416443
0	iwl_copy_avail	0.5522	0.5066	0.045599999999999974	2761	1.698860132421537	0.548014482208572	13.717394073104858
0	flip_icl	0.439	0.4942	-0.05519999999999997	2195	2.299587350515839	0.4444325708206801	14.360296798038483
2000000	train_eval	0.5818	0.5472	0.034599999999999964	2909	1.4699962945639755	0.5745342225947013	4.888569213217311
2000000	icl	0.5178	0.5048	0.013000000000000012	2589	1.2100287102887406	0.5146787975684624	5.016193219304085
2000000	iwl_copy_avail	0.5566	0.533	0.023599999999999954	2783	1.547115428941715	0.5517542351604596	4.999671545163542
2000000	flip_icl	0.467	0.4534	0.013600000000000001	2335	2.015196844649769	0.4669756693168226	5.469692199219018
4400000	train_eval	0.8314	0.8268	0.0046000000000000485	4157	0.9378133632700348	0.8309157976407985	1.363316316889529
4400000	icl	0.745	0.7698	-0.024800000000000044	3725	1.32072584466132	0.7431621184562437	3.049051061326824
4400000	iwl_copy_avail	0.6104	0.5908	0.019600000000000062	3052	3.8423503336470612	0.6105280563676135	4.5060857577203075
4400000	flip_icl	0.6448	0.674	-0.029200000000000004	3224	2.38565787538604	0.6444008364871759	3.07431509265597
8000000	train_eval	0.9504	0.947	0.0034000000000000696	4752	0.1934793532331857	0.9459803717684859	0.2805352624645544
8000000	icl	0.5606	0.565	-0.0043999999999999595	2803	5.719224333536569	0.5608243688518312	6.419881670324272
8000000	iwl_copy_avail	0.8516	0.8438	0.007800000000000029	4258	0.9973626720386936	0.8491522131214009	1.158957725207368
8000000	flip_icl	0.221	0.2372	-0.016199999999999992	1105	7.590473111882595	0.22656940054273036	7.88193728017027
20000000	train_eval	0.9848	0.9848	0.0	4924	0.0402737752360825	0.9818264651720994	0.0646694603534881
20000000	icl	0.5408	0.5408	0.0	2704	5.0303404284593	0.5397577864557687	6.435439058718691
20000000	iwl_copy_avail	0.9674	0.9674	0.0	4837	0.12626175272474752	0.9647988663346249	0.17535619632581365
20000000	flip_icl	0.0286	0.0286	0.0	143	12.582475385152334	0.03356597462701643	12.643237010061927
