stage	condition	evaluator	count	in_context_correct_count	in_context_acc	full_correct_count	full_acc	in_context_prob	in_context_loss	full_prob	full_loss	baseline_log_difference
20000000	embedding_only	icl	5000	2473	0.4946	0	0.0	0.49668961859282573	1.1253013418040936	1.0396402387240489e-06	15.046838818740845	
20000000	embedding_only	iwl_copy_avail	5000	2984	0.5968	0	0.0	0.5895174709391078	1.41905367070338	0.0001733122567253186	12.448201893424988	
20000000	embedding_only	pure_iwl	5000			0	0.0			0.00019349264665483203	12.466990163612365	
20000000	baseline	pure_iwl	5000			0	0.0			3.0150393036420763e-05	16.683152589702605	0.0
4000000	baseline	icl	5000	3772	0.7544	3545	0.709	0.7454185395204266	0.6887041778969191	0.10435038577498244	3.21440668592453	0.0
4000000	baseline	iwl_copy_avail	5000	2838	0.5676	2543	0.5086	0.5655481729015307	2.1157893103085628	0.08078767791764557	4.677909038311243	-0.00039999999999995595
4000000	preserve_qkv	icl	5000	3781	0.7562	3496	0.6992	0.7441074204355187	0.71783197699423	0.09040786152884685	3.4261110256910325	
4000000	preserve_qkv	iwl_copy_avail	5000	2843	0.5686	2259	0.4518	0.5676980706279131	2.082033966061306	0.05273877527061003	5.223608024197817	
4000000	recompute_k	icl	5000	2636	0.5272	1352	0.2704	0.5130281086941831	0.994222055834718	0.012010102887796074	5.276137931966781	
4000000	recompute_k	iwl_copy_avail	5000	2781	0.5562	1271	0.2542	0.5488287002044381	1.141257093153938	0.014954848388564847	5.614924696469307	
4000000	recompute_v	icl	5000	2454	0.4908	0	0.0	0.4994693933538627	1.1298446493939962	7.503224003894502e-05	10.30732925453186	
4000000	recompute_v	iwl_copy_avail	5000	2717	0.5434	3	0.0006	0.5360409424202924	1.0995346298831274	0.0001356848076277231	10.537640928840638	
4000000	recompute_q	icl	5000	3461	0.6922	3112	0.6224	0.6846142947691766	1.1501995645862766	0.08605209227198202	3.8636368300557136	
4000000	recompute_q	iwl_copy_avail	5000	2763	0.5526	2122	0.4244	0.5509093414442781	2.100303355483572	0.04603901909917745	5.358649403655529	
4000000	ablate_l1	icl	5000	2524	0.5048	0	0.0	0.5037236337555573	1.1451498421447353	9.741799569310387e-05	9.890819293117524	
4000000	ablate_l1	iwl_copy_avail	5000	2701	0.5402	9	0.0018	0.5330688107023946	1.1130848138603826	0.00014197521665902	10.56103258318901	
8000000	baseline	icl	5000	2825	0.565	2689	0.5378	0.5640675441206943	5.529660036088366	0.40594354217492085	6.105479924436845	0.0
8000000	baseline	iwl_copy_avail	5000	4219	0.8438	4178	0.8356	0.8407718022833527	0.9268571889254217	0.7241324735714282	1.2023815910385223	0.0
8000000	preserve_qkv	icl	5000	2822	0.5644	2621	0.5242	0.5630352846926758	5.720874299730844	0.39535745644261905	6.382678442078084	
8000000	preserve_qkv	iwl_copy_avail	5000	4216	0.8432	4150	0.83	0.8403680091640101	0.9402003844706672	0.6915397650192088	1.3083812494135927	
8000000	recompute_k	icl	5000	2544	0.5088	1389	0.2778	0.5059329264799493	2.170874632166804	0.10399951512192665	4.749440333005786	
8000000	recompute_k	iwl_copy_avail	5000	2807	0.5614	2320	0.464	0.5592219573767455	1.8535725779105363	0.22596556470761733	3.4205152366913856	
8000000	recompute_v	icl	5000	2582	0.5164	0	0.0	0.4985504613667086	1.8764053702917358	1.2825942335706664e-05	12.914781971549989	
8000000	recompute_v	iwl_copy_avail	5000	2820	0.564	5	0.001	0.5592770533198566	1.470630199534579	0.00021687379493712374	12.255304744195938	
8000000	recompute_q	icl	5000	2729	0.5458	2572	0.5144	0.5470384634000018	6.0360611734923175	0.40223033785059914	6.615516238902882	
8000000	recompute_q	iwl_copy_avail	5000	4064	0.8128	3982	0.7964	0.8093062163000495	1.1068199969624948	0.6431269942152384	1.5495428970632144	
8000000	ablate_l1	icl	5000	2537	0.5074	0	0.0	0.5052252445308258	2.072811028123132	4.909459557616884e-05	12.06532229976654	
8000000	ablate_l1	iwl_copy_avail	5000	2701	0.5402	4	0.0008	0.5378523440912221	1.557838349711192	0.00020993642440351968	12.321214724445342	
