stage	condition	evaluator	accuracy	source
20000000	embedding_only	icl	0.4946	exp_009_new_cli
20000000	embedding_only	iwl_copy_avail	0.5968	exp_009_new_cli
4000000	baseline	icl	0.7544	exp_009_new_cli
4000000	baseline	iwl_copy_avail	0.5676	exp_009_new_cli
4000000	preserve_qkv	icl	0.7562	exp_009_new_cli
4000000	preserve_qkv	iwl_copy_avail	0.5686	exp_009_new_cli
4000000	recompute_k	icl	0.5272	exp_009_new_cli
4000000	recompute_k	iwl_copy_avail	0.5562	exp_009_new_cli
4000000	recompute_v	icl	0.4908	exp_009_new_cli
4000000	recompute_v	iwl_copy_avail	0.5434	exp_009_new_cli
4000000	recompute_q	icl	0.6922	exp_009_new_cli
4000000	recompute_q	iwl_copy_avail	0.5526	exp_009_new_cli
4000000	ablate_l1	icl	0.5048	exp_009_new_cli
4000000	ablate_l1	iwl_copy_avail	0.5402	exp_009_new_cli
8000000	baseline	icl	0.565	exp_009_new_cli
8000000	baseline	iwl_copy_avail	0.8438	exp_009_new_cli
8000000	preserve_qkv	icl	0.5644	exp_009_new_cli
8000000	preserve_qkv	iwl_copy_avail	0.8432	exp_009_new_cli
8000000	recompute_k	icl	0.5088	exp_009_new_cli
8000000	recompute_k	iwl_copy_avail	0.5614	exp_009_new_cli
8000000	recompute_v	icl	0.5164	exp_009_new_cli
8000000	recompute_v	iwl_copy_avail	0.564	exp_009_new_cli
8000000	recompute_q	icl	0.5458	exp_009_new_cli
8000000	recompute_q	iwl_copy_avail	0.8128	exp_009_new_cli
8000000	ablate_l1	icl	0.5074	exp_009_new_cli
8000000	ablate_l1	iwl_copy_avail	0.5402	exp_009_new_cli
20000000	baseline	icl	0.5408	exp_006_l1_ablation_icl_reference
20000000	baseline	iwl_copy_avail	0.9674	exp_005_l1_ablation_reference
20000000	preserve_qkv	icl	0.5402	exp_006_l1_ablation_icl_reference
20000000	preserve_qkv	iwl_copy_avail	0.9676	exp_005_l1_ablation_reference
20000000	recompute_k	icl	0.5076	exp_006_l1_ablation_icl_reference
20000000	recompute_k	iwl_copy_avail	0.5716	exp_005_l1_ablation_reference
20000000	recompute_v	icl	0.5098	exp_006_l1_ablation_icl_reference
20000000	recompute_v	iwl_copy_avail	0.578	exp_005_l1_ablation_reference
20000000	recompute_q	icl	0.5316	exp_006_l1_ablation_icl_reference
20000000	recompute_q	iwl_copy_avail	0.946	exp_005_l1_ablation_reference
20000000	ablate_l1	icl	0.5066	exp_006_l1_ablation_icl_reference
20000000	ablate_l1	iwl_copy_avail	0.553	exp_005_l1_ablation_reference
