timestamp, memory.used [MiB], memory.free [MiB], utilization.gpu [%]
2026/10/02 23:22:57.326, 61 MiB, 7888 MiB, 0 %
2026/10/02 23:22:58.338, 61 MiB, 7888 MiB, 0 %
2026/10/02 23:22:59.340, 204 MiB, 7745 MiB, 0 %
2026/10/02 23:23:02.517, 216 MiB, 7733 MiB, 0 %
2026/10/02 23:23:03.519, 232 MiB, 7717 MiB, 0 %
2026/10/02 23:23:04.520, 232 MiB, 7717 MiB, 0 %
2026/10/02 23:23:05.522, 232 MiB, 7717 MiB, 0 %
2026/10/02 23:23:06.523, 232 MiB, 7717 MiB, 0 %
2026/10/02 23:23:07.524, 232 MiB, 7717 MiB, 0 %
2026/10/02 23:23:08.526, 744 MiB, 7205 MiB, 28 %
2026/10/02 23:23:09.528, 744 MiB, 7205 MiB, 0 %
2026/10/02 23:23:10.530, 744 MiB, 7205 MiB, 0 %
2026/10/02 23:23:11.531, 744 MiB, 7205 MiB, 0 %
2026/10/02 23:23:12.532, 744 MiB, 7205 MiB, 0 %
2026/10/02 23:23:13.534, 744 MiB, 7205 MiB, 0 %
2026/10/02 23:23:14.535, 744 MiB, 7205 MiB, 4 %
2026/10/02 23:23:15.536, 744 MiB, 7205 MiB, 0 %
2026/10/02 23:23:16.538, 744 MiB, 7205 MiB, 0 %
2026/10/02 23:23:17.539, 744 MiB, 7205 MiB, 0 %
2026/10/02 23:23:18.541, 744 MiB, 7205 MiB, 0 %
2026/10/02 23:23:19.542, 744 MiB, 7205 MiB, 0 %
2026/10/02 23:23:20.544, 744 MiB, 7205 MiB, 0 %
2026/10/02 23:23:21.547, 744 MiB, 7205 MiB, 0 %
2026/10/02 23:23:22.548, 744 MiB, 7205 MiB, 0 %
2026/10/02 23:23:23.550, 744 MiB, 7205 MiB, 0 %
2026/10/02 23:23:24.551, 744 MiB, 7205 MiB, 0 %
2026/10/02 23:23:25.552, 744 MiB, 7205 MiB, 0 %
2026/10/02 23:23:26.554, 744 MiB, 7205 MiB, 0 %
2026/10/02 23:23:27.557, 744 MiB, 7205 MiB, 0 %
2026/10/02 23:23:28.559, 744 MiB, 7205 MiB, 0 %
2026/10/02 23:23:29.560, 744 MiB, 7205 MiB, 0 %
2026/10/02 23:23:30.561, 744 MiB, 7205 MiB, 0 %
2026/10/02 23:23:31.564, 744 MiB, 7205 MiB, 0 %
2026/10/02 23:23:32.565, 744 MiB, 7205 MiB, 0 %
2026/10/02 23:23:33.569, 1252 MiB, 6697 MiB, 0 %
2026/10/02 23:23:36.778, 1252 MiB, 6697 MiB, 0 %
2026/10/02 23:23:37.785, 1252 MiB, 6697 MiB, 0 %
2026/10/02 23:23:38.793, 1772 MiB, 6177 MiB, 12 %
2026/10/02 23:23:39.801, 1772 MiB, 6177 MiB, 0 %
2026/10/02 23:23:40.809, 1772 MiB, 6177 MiB, 0 %
2026/10/02 23:23:41.817, 1776 MiB, 6173 MiB, 0 %
2026/10/02 23:23:42.826, 1776 MiB, 6173 MiB, 0 %
2026/10/02 23:23:43.828, 1776 MiB, 6173 MiB, 0 %
2026/10/02 23:23:44.830, 1776 MiB, 6173 MiB, 0 %
2026/10/02 23:23:45.832, 1776 MiB, 6173 MiB, 0 %
2026/10/02 23:23:46.835, 1776 MiB, 6173 MiB, 0 %
2026/10/02 23:23:47.837, 1776 MiB, 6173 MiB, 0 %
2026/10/02 23:23:48.840, 1776 MiB, 6173 MiB, 0 %
2026/10/02 23:23:49.843, 1776 MiB, 6173 MiB, 0 %
2026/10/02 23:23:50.844, 1776 MiB, 6173 MiB, 0 %
2026/10/02 23:23:51.847, 1776 MiB, 6173 MiB, 0 %
2026/10/02 23:23:52.850, 1776 MiB, 6173 MiB, 0 %
2026/10/02 23:23:53.852, 1776 MiB, 6173 MiB, 0 %
2026/10/02 23:23:54.854, 1776 MiB, 6173 MiB, 0 %
2026/10/02 23:23:55.857, 1776 MiB, 6173 MiB, 0 %
2026/10/02 23:23:56.859, 1776 MiB, 6173 MiB, 0 %
2026/10/02 23:23:57.861, 1776 MiB, 6173 MiB, 0 %
2026/10/02 23:23:58.863, 1776 MiB, 6173 MiB, 0 %
2026/10/02 23:23:59.865, 1776 MiB, 6173 MiB, 0 %
2026/10/02 23:24:00.867, 1776 MiB, 6173 MiB, 0 %
2026/10/02 23:24:01.869, 1776 MiB, 6173 MiB, 0 %
2026/10/02 23:24:02.871, 1776 MiB, 6173 MiB, 0 %
2026/10/02 23:24:03.873, 1776 MiB, 6173 MiB, 0 %
2026/10/02 23:24:04.875, 1776 MiB, 6173 MiB, 0 %
2026/10/02 23:24:05.878, 1776 MiB, 6173 MiB, 0 %
2026/10/02 23:24:06.881, 1776 MiB, 6173 MiB, 0 %
2026/10/02 23:24:07.883, 1776 MiB, 6173 MiB, 0 %
2026/10/02 23:24:10.838, 1776 MiB, 6173 MiB, 0 %
2026/10/02 23:24:11.840, 1776 MiB, 6173 MiB, 0 %
2026/10/02 23:24:12.843, 1776 MiB, 6173 MiB, 0 %
2026/10/02 23:24:13.845, 1776 MiB, 6173 MiB, 0 %
2026/10/02 23:24:14.848, 1776 MiB, 6173 MiB, 0 %
2026/10/02 23:24:15.850, 1776 MiB, 6173 MiB, 0 %
2026/10/02 23:24:16.853, 1776 MiB, 6173 MiB, 0 %
2026/10/02 23:24:17.855, 1776 MiB, 6173 MiB, 0 %
2026/10/02 23:24:18.857, 1776 MiB, 6173 MiB, 0 %
2026/10/02 23:24:19.859, 1776 MiB, 6173 MiB, 0 %
2026/10/02 23:24:20.862, 1776 MiB, 6173 MiB, 0 %
2026/10/02 23:24:21.864, 1776 MiB, 6173 MiB, 0 %
2026/10/02 23:24:22.866, 1776 MiB, 6173 MiB, 0 %
2026/10/02 23:24:23.869, 1776 MiB, 6173 MiB, 0 %
2026/10/02 23:24:24.871, 1776 MiB, 6173 MiB, 0 %
2026/10/02 23:24:25.874, 1776 MiB, 6173 MiB, 0 %
2026/10/02 23:24:26.876, 1776 MiB, 6173 MiB, 0 %
2026/10/02 23:24:27.878, 1776 MiB, 6173 MiB, 0 %
2026/10/02 23:24:28.880, 1776 MiB, 6173 MiB, 0 %
2026/10/02 23:24:29.882, 1776 MiB, 6173 MiB, 0 %
2026/10/02 23:24:30.885, 1776 MiB, 6173 MiB, 0 %
2026/10/02 23:24:31.888, 1776 MiB, 6173 MiB, 0 %
2026/10/02 23:24:32.890, 1776 MiB, 6173 MiB, 0 %
2026/10/02 23:24:33.893, 1776 MiB, 6173 MiB, 0 %
2026/10/02 23:24:34.895, 1776 MiB, 6173 MiB, 0 %
2026/10/02 23:24:35.898, 1776 MiB, 6173 MiB, 0 %
2026/10/02 23:24:36.900, 1776 MiB, 6173 MiB, 0 %
2026/10/02 23:24:37.902, 1776 MiB, 6173 MiB, 0 %
2026/10/02 23:24:38.904, 1776 MiB, 6173 MiB, 0 %
2026/10/02 23:24:39.907, 1776 MiB, 6173 MiB, 0 %
2026/10/02 23:24:40.910, 1776 MiB, 6173 MiB, 0 %
2026/10/02 23:24:41.912, 1776 MiB, 6173 MiB, 0 %
2026/10/02 23:24:42.915, 1776 MiB, 6173 MiB, 0 %
2026/10/02 23:24:45.975, 1776 MiB, 6173 MiB, 0 %
2026/10/02 23:24:46.977, 1776 MiB, 6173 MiB, 0 %
2026/10/02 23:24:47.980, 1776 MiB, 6173 MiB, 0 %
2026/10/02 23:24:48.983, 1776 MiB, 6173 MiB, 0 %
2026/10/02 23:24:49.985, 1776 MiB, 6173 MiB, 0 %
2026/10/02 23:24:50.987, 1776 MiB, 6173 MiB, 0 %
2026/10/02 23:24:51.989, 1776 MiB, 6173 MiB, 0 %
2026/10/02 23:24:52.992, 1776 MiB, 6173 MiB, 0 %
2026/10/02 23:24:53.994, 1776 MiB, 6173 MiB, 0 %
2026/10/02 23:24:54.996, 1776 MiB, 6173 MiB, 0 %
2026/10/02 23:24:55.998, 1776 MiB, 6173 MiB, 0 %
2026/10/02 23:24:57.001, 1776 MiB, 6173 MiB, 0 %
2026/10/02 23:24:58.003, 1776 MiB, 6173 MiB, 0 %
2026/10/02 23:24:59.005, 1776 MiB, 6173 MiB, 0 %
2026/10/02 23:25:00.008, 1776 MiB, 6173 MiB, 0 %
2026/10/02 23:25:01.011, 1776 MiB, 6173 MiB, 0 %
2026/10/02 23:25:02.014, 1776 MiB, 6173 MiB, 0 %
2026/10/02 23:25:03.016, 1776 MiB, 6173 MiB, 0 %
2026/10/02 23:25:04.018, 1776 MiB, 6173 MiB, 0 %
2026/10/02 23:25:05.020, 1776 MiB, 6173 MiB, 0 %
2026/10/02 23:25:06.022, 1776 MiB, 6173 MiB, 0 %
2026/10/02 23:25:07.023, 1776 MiB, 6173 MiB, 0 %
2026/10/02 23:25:08.026, 1776 MiB, 6173 MiB, 0 %
2026/10/02 23:25:09.029, 1776 MiB, 6173 MiB, 0 %
2026/10/02 23:25:10.031, 1776 MiB, 6173 MiB, 0 %
2026/10/02 23:25:11.034, 1776 MiB, 6173 MiB, 0 %
2026/10/02 23:25:12.036, 1776 MiB, 6173 MiB, 0 %
2026/10/02 23:25:13.038, 1776 MiB, 6173 MiB, 0 %
