experiment_id	idea	change	result	decision	status	seed	artifacts	origin_type	paper_reference	origin_scope
exp_001_hardware_check	Estimate one main-run compute and memory	Isolated WSL environment; unchanged author computation; placeholder timing tensors	GPU and first full batch verified; initial probe timed out at 600s; batched synchronization diagnosis recorded	inconclusive	inconclusive_probe_finished	init=5,train=2,eval=1	experiments/exp_001_hardware_check	实验支撑	环境与算力准备，无对应科研结论	环境、GPU和耗时核验；不计入论文科学结果复现。
exp_002_main_reproduction	ICL emergence/transience with CIWL increase	Independent launch/plot and proposed feature-index adapter	User-approved integer stop at 20M (625000 Adam updates), checkpoint audit passed, 201 evaluation points; ICL 0.499 -> peak 0.7698 at 4.4M -> 0.5408; CIWL 0.5066 -> 0.9674; qualitative behavior reproduced in one seed; author 64M reference horizon truncated	keep	completed_behavior_baseline_20m	init=5,train=2,eval=1	experiments/exp_002_main_reproduction	原论文复现	第3节，图1b及附录行为曲线	单种子训练到20M，复现ICL先升后降及CIWL增强；预算和特征来源差异见原协议，不是整篇论文完整复现。
exp_003_sequence_classification	Estimate training-sample influence on ICL and CIWL formation	Exact original1M replay; 3 checkpoint JVP score files; 6 author Adam branches and independent review	Completed normally; loss gate passed; target in_context_acc gains vs random -0.28/+0.28pp(ICL), -0.80/-0.08pp(CIWL); no stable ability growth;427409 stage conflicts; no10M expansion	inconclusive	completed_pilot_review	baseline init=5,train=2,eval=1; selection=103,104; bootstrap=5103	experiments/exp_003_sequence_classification	项目新增实验	目标论文无相同数据影响评分与选择试验	项目自拟的逐序列影响评分与真实Adam验证；方法借鉴已有影响分析思想，准确率收益不稳定，未扩大到10M。
exp_004_l1_attention	Observe per-head L1 previous-token and attending-to-self through saved baseline stages	Read-only author forward and Figure14 aggregation; all8 heads11 checkpoints4 fixed evaluators	Completed220000 forwards; H1 peakP0.054/S0.879 -> finalP0.042/S0.928; H0 prev0.211 ->0.224; all peak labelself dominant; original paper has no P>S requirement; causal role not tested	keep	completed_observational_attention_analysis	baseline init=5,train=2,eval=1; forwardkey0,dropout0	experiments/exp_004_l1_attention	原论文复现	第5.1节，附录图14	复现L1 previous-token/self注意力观察口径；完整头矩阵属于展示扩充。部分头趋势不吻合，未证明机制因果。
exp_005_l1_ablation	Replicate Section4 L1 direct-output and L2 Q/K/V composition interventions	Unchanged author opto/notebook forward; saved20M model; original3 evaluators;6 conditions	Completed6 conditions x3 original5000 evaluators; CIWL base96.74%,preserveQKV96.76%,recomputeK57.16%,V57.80%,Q94.60%,fullL1ablation55.30%; baseline exact; native cache audit0diff;2 failed preflights preserved; qualitative Section4 trend reproduced at20M	keep	completed_section4_ablations_20m	baseline init=5,train=2,eval=1; intervention PRNGKey0	experiments/exp_005_l1_ablation	原论文复现	第4.1至4.2节；主notebook单元16、17、32、33	复用原L1头消融及L2 Q/K/V保留、重算条件，在20M模型测CIWL/训练评价/Flip；论文后期参照检查点不同。
exp_006_l1_ablation_icl	Evaluate independent ICL after six exp005 ablations	Same20M model,original5000 ICL sequences,unchanged author flags and forward; frozen CIWL/Flip reference	Completed6x5000 original ICL evals; base54.08%,preserveQKV54.02%,recomputeK50.76%,V50.98%,Q53.16%,fullL1ablation50.66%; no ICL accuracy recovery; baseline exact; native preserved-cache0diff; frozen CIWL/Flip combined	keep	completed_icl_ablation_extension_20m	baseline init=5,train=2,eval=1; intervention PRNGKey0	experiments/exp_006_l1_ablation_icl	原方法扩展	沿用第4.1至4.2节干预，新增该组条件的ICL评价	同一六种干预补测独立ICL；不是新消融方法。作者原对应代码只测训练评价、CIWL、Flip。
exp_007_l2_reuse	Test Figure3b: fixed20M second half with earlier first halves	Author graft-out;5 prespecified stages;4 original5000 evaluators; native20M identity control	Completed5 prespecified first halves with fixed20M L2/readout; graft ICL50.60/51.78/74.50/56.06/54.08%,CIWL55.22/55.66/61.04/85.16/96.74%; core rise/fall reproduced; post-peak max native deviation2.92pp; self-graft20000 judgments identical; weights and boundaries audited	keep	completed_figure3b_core_replication_5stages	baseline init=5,train=2,eval=1; forward PRNGKey0	experiments/exp_007_l2_reuse	原论文复现	第5.1节，图3b；主notebook单元44	五个阶段的嵌入+L1接固定20M L2+输出，检验核心趋势；不是图3c反向拼接或图4a重新训练。
exp_008_l2_ablation	Evaluate L2 necessity and L1 direct original-readout predictions	Unchanged author CLI; all8 L2 head V zero; no MLP/no output-projection bias; 4 cache audit rows; original20M CIWL/ICL	Completed4x5000 evals; baseline CIWL96.74%/ICL54.08% exact; L2 ablation CIWL60.92%/ICL49.50%; full-label accuracy both0%; no ICL recovery; bundle and26 hashes verified	keep	completed_l2_ablation_direct_l1_readout_20m	baseline init=5,train=2,eval=1; evaluation PRNGKey0	experiments/exp_008_l2_ablation	项目新增实验	与第4节相关；不同于附录图13从头训练一层	保留已训练L1，单独消融L2全部头并测CIWL/ICL；指定论文与对应作者实验中未见同一独立对照，不代表已证明首创。
exp_009_stage_ablations	Pure embedding-readout control and stage-specific L1 composition ablations	Exact4M/8M six author conditions x2 evals;20M embedding-only ICL/CIWL/pureIWL and native pureIWL;28 native CLI jobs	Completed28x5000;20M embedding CIWL59.68%/ICL49.46%,pureIWL0/5000;4M K/V ICL52.72/49.08%;8M K/V CIWL56.14/56.40%;4M nativeCIWL56.76 vs old56.80 differs2 judgments, original evaluator agrees with CLI; guard failure archived;105 hashes verified	keep	completed_with_recorded_historical_baseline_difference	original init=5,train=2,eval=1; evaluation PRNGKey0	experiments/exp_009_stage_ablations	混合：原论文复现、原方法扩展	附录C.1及附录notebook单元46、47；第4.1至4.2节	全头消融CIWL/pureIWL为作者条件复现；全头消融ICL及4M/8M六条件阶段对比为原方法扩展；数值差异核对为实验支撑。
exp_010_ciwl_data_generation	Generate fixed CIWL-only augmentation candidates	Unchanged author sampling APIs; independent seed; baseline feature/config identity; no model computation	Completed5000; float32 examples(5000,3,512); labels(5000,3); query support absent; correct label exactly once; positions2478/2522; internal/old25000 complete-sequence overlap0; author-reference exact;12 delivery hashes verified; no CIWL growth measured	keep	completed_data_generation_and_delivery	generation=20261004; baseline init=5,train=2,eval=1	experiments/exp_010_ciwl_data_generation	实验支撑（原论文构造）	第2.3及5.3节：CIWL evaluator与CIWL-only数据	按作者采样规则生成独立5000条增强候选；只完成生成与审核，尚未验证增强效果。
